Time,Depth
0.0,60.0
1.0,30.0
13.117778778076172,30.0
13.451111793518066,20.0
26.43862533569336,20.0
27.105292002360027,0.0
